year,annual_rainfall_mm
2021,1785.0
2022,1658.05
2023,2164.6000000000004
2024,2071.8999999999996
